{"cameraMode":{"drawMode":0,"name":"Shaded","section":"Shading Mode"},"sceneLighting":true,"audioPlay":false,"sceneViewState":{"m_AlwaysRefresh":false,"showFog":true,"showSkybox":true,"showFlares":true,"showImageEffects":true,"showParticleSystems":true,"showVisualEffectGraphs":true,"m_FxEnabled":true},"in2DMode":false,"pivot":{"x":-18.294864654541017,"y":14.888593673706055,"z":14.539466857910157},"rotation":{"x":-0.004639879800379276,"y":-0.9850279092788696,"z":0.1704169511795044,"w":-0.026936104521155359},"size":38.795982360839847,"orthographic":false}